Customer_Segment,Avg_CLV,Median_CLV,Total_CLV,Customer_Count,Avg_Churn_Risk
At Risk,2905.08,633.89,1269521.88,437,0.23
Cannot Lose Them,12939.2,569.01,5602675.65,433,0.75
Champions,1642.61,892.71,1470140.31,895,0.0
Lost Customers,13671.89,11836.17,6808600.79,498,0.96
Loyal Customers,3272.75,442.13,1639645.55,501,0.0
New Customers,25538.3,21737.45,16599895.52,650,0.56
Potential Loyalists,20787.86,12963.58,12701380.24,611,0.0
Promising,2531.91,262.77,306361.45,121,0.92
